<?xml version="1.0" encoding="UTF-8"?>
<project-private xmlns="http://www.netbeans.org/ns/project-private/1">
    <editor-bookmarks xmlns="http://www.netbeans.org/ns/editor-bookmarks/2" lastBookmarkId="0"/>
    <open-files xmlns="http://www.netbeans.org/ns/projectui-open-files/2">
        <group>
            <file>file:/C:/Users/yussu/OneDrive/Documents/NetBeansProjects/ST10220331_YussufGangat_PROG5121/test/Login/LoginTest.java</file>
            <file>file:/C:/Users/yussu/OneDrive/Documents/NetBeansProjects/ST10220331_YussufGangat_PROG5121/src/Login/Login.java</file>
        </group>
    </open-files>
</project-private>
